id,etap_1,village,typ_voie,nvl_nm_rue,numero,code
1653,CA,Cavani,Chemin,Ma Marie,"018",CA-018 Chemin Ma Marie
1925,CA,Cavani,Chemin,Soukary,"019",CA-019 Chemin Soukary
768,CA,Cavani,Chemin,Moidraré,"026",CA-026 Chemin Moidraré
857,CA,Cavani,Impasse,Vetivers,"038",CA-038 Impasse Vetivers
2047,CA,Cavani,Rue,Velou,"052",CA-052 Rue Velou
1605,CA,Cavani,Avenue,Baco Mahadali,"058",CA-058 Avenue Baco Mahadali
1711,CA,Cavani,Rue,Bel'air,"061",CA-061 Rue Bel'air
2048,KA,Kawéni,Rue,Des Zambara,"009",KA-009 Rue Des Zambara
758,KA,Kawéni,Rue,des Médias,"032",KA-032 Rue des Médias
757,KA,Kawéni,Chemin,Lasbarani,"033",KA-033 Chemin Lasbarani
829,KA,Kawéni,Impasse,Des Goyaves,"035",KA-035 Impasse Des Goyaves
897,KA,Kawéni,Impasse,Maharadja,"040",KA-040 Impasse Maharadja
912,KA,Kawéni,Rue,De l'Espoir,"042",KA-042 Rue De l'Espoir
961,KA,Kawéni,Rue,Mbambouni,"045",KA-045 Rue Mbambouni
1340,KA,Kawéni,Impasse,Des Verts Pres,"057",KA-057 Impasse Des Verts Pres
1459,KA,Kawéni,Rue,Des Houbhoubs,"067",KA-067 Rue Des Houbhoubs
1188,KA,Kawéni,Chemin,Massidi,"116",KA-116 Chemin Massidi
1338,KA,Kawéni,Impasse,A nommer n°54,"127",KA-127 Impasse A nommer n°54
2145,KA,Kawéni,Chemin,Papa Magato,"144",KA-144 Chemin Papa Magato
2150,KA,Kawéni,Chemin,Kokar,"145",KA-145 Chemin Kokar
259,MA,Mamoudzou,Rue,Saindou M'Dahoma,"003",MA-003 Rue Saindou M'Dahoma
33,MA,Mamoudzou,Chemin,Mnadzi Moija,"040",MA-040 Chemin Mnadzi Moija
364,MA,Mamoudzou,Avenue,Abdoul-Bastoi Omar,"041",MA-041 Avenue Abdoul-Bastoi Omar
239,MA,Mamoudzou,Chemin,Ma Mzé,"065",MA-065 Chemin Ma Mzé
419,MA,Mamoudzou,Square,Papaye,"066",MA-066 Square Papaye
755,MA,Mamoudzou,Rue,Ali Ali Boto,"067",MA-067 Rue Ali Ali Boto
218,MA,Mamoudzou,Chemin,Moinecha Mhadji,"074",MA-074 Chemin Moinecha Mhadji
2206,MA,Mamoudzou,Chemin,Baboulhayri,"081",MA-081 Chemin Baboulhayri
919,MT,Mtsapéré,Chemin,Coco-Foundi,"013",MT-013 Chemin Coco-Foundi
1424,MT,Mtsapéré,Chemin,Saïndou-Hamza,"014",MT-014 Chemin Saïndou-Hamza
44,MT,Mtsapéré,Ruelle,Moidjoumoi Moirecha,"017",MT-017 Ruelle Moidjoumoi Moirecha
1994,MT,Mtsapéré,Chemin,Sidi Mkadamé,"070",MT-070 Chemin Sidi Mkadamé
1992,PA,Passamainty,Chemin,Chehou Koudoura,"002",PA-002 Chemin Chehou Koudoura
992,PA,Passamainty,Impasse,Manga Charia,"053",PA-053 Impasse Manga Charia
1485,PA,Passamainty,Chemin,Ba velou,"073",PA-073 Chemin Ba velou
627,PA,Passamainty,Chemin,Bourahima Ramadani,"110",PA-110 Chemin Bourahima Ramadani
1749,T1,Tsoundzou 1,Chemin,Oussalama,"019",T1-019 Chemin Oussalama
2029,T1,Tsoundzou 1,Rue,Barezi,"020",T1-020 Rue Barezi
1562,T1,Tsoundzou 1,Rue,Amana,"036",T1-036 Rue Amana
737,T2,Tsoundzou 2,Impasse,Baraka,"021",T2-021 Impasse Baraka
600,T2,Tsoundzou 2,Rue,Des héritiers,"027",T2-027 Rue Des héritiers
590,T2,Tsoundzou 2,Impasse,Koukoumba,"048",T2-048 Impasse Koukoumba
1638,T2,Tsoundzou 2,Escalier,Ma-Anli,"060",T2-060 Escalier Ma-Anli
1790,VA,Vahibé,Escalier,Kwalé Dzidzano,"003",VA-003 Escalier Kwalé Dzidzano
1691,VA,Vahibé,Escalier,Baroukia,"007",VA-007 Escalier Baroukia
784,VA,Vahibé,Chemin,Chagnougouni,"023",VA-023 Chemin Chagnougouni
785,VA,Vahibé,Impasse,Manoufa,"024",VA-024 Impasse Manoufa
1172,VA,Vahibé,Escalier,Mabdou,"025",VA-025 Escalier Mabdou
1100,VA,Vahibé,Escalier,Madi Baou,"026",VA-026 Escalier Madi Baou
903,VA,Vahibé,Rue,Foundi Soilihi,"027",VA-027 Rue Foundi Soilihi
1038,VA,Vahibé,Escalier,Managa Mizi,"028",VA-028 Escalier Managa Mizi
1712,CA,Cavani,Rue,Narya,"001",CA-001 Rue Narya
1722,CA,Cavani,Rue,Voltaire,"002",CA-002 Rue Voltaire
2126,CA,Cavani,Chemin,Attoumani Haoutouna,"021",CA-021 Chemin Attoumani Haoutouna
2125,CA,Cavani,Chemin,Ma Moida,"022",CA-022 Chemin Ma Moida
2035,KA,Kawéni,Impasse,A nommer n°53,"128",KA-128 Impasse A nommer n°53
1362,KA,Kawéni,Impasse,Lajoli,"006",KA-006 Impasse Lajoli
10,MA,Mamoudzou,Escalier,Ma Nadji,"047",MA-047 Escalier Ma Nadji
29,MA,Mamoudzou,Chemin,Moinecha Mhadji,"048",MA-048 Chemin Moinecha Mhadji
1998,CA,Cavani,Rue,Moida,"005",CA-005 Rue Moida
2011,CA,Cavani,Rue,Belveder,"006",CA-006 Rue Belveder
2021,CA,Cavani,Rue,Ngoudzo,"007",CA-007 Rue Ngoudzo
1408,KA,Kawéni,Rue,De la Poste,"007",KA-007 Rue De la Poste
1491,CA,Cavani,Rue,Crimador,"029",CA-029 Rue Crimador
1931,CA,Cavani,Rue,De L'Eglise,"003",CA-003 Rue De L'Eglise
1953,CA,Cavani,Ruelle,Baoussé,"004",CA-004 Ruelle Baoussé
2023,CA,Cavani,Rue,Mkiriwadjimoi,"008",CA-008 Rue Mkiriwadjimoi
2046,CA,Cavani,Rue,Soweto,"009",CA-009 Rue Soweto
2052,CA,Cavani,Rue,Des Champs,"010",CA-010 Rue Des Champs
2054,CA,Cavani,Rue,Ihioini Mahaba,"011",CA-011 Rue Ihioini Mahaba
2101,CA,Cavani,Rue,Salamouri,"012",CA-012 Rue Salamouri
2022,CA,Cavani,Chemin,Ralenti,"013",CA-013 Chemin Ralenti
1048,CA,Cavani,Chemin,Bob Dahilou,"014",CA-014 Chemin Bob Dahilou
771,CA,Cavani,Impasse,Ma Jacque,"015",CA-015 Impasse Ma Jacque
2122,CA,Cavani,Chemin,Loulou,"016",CA-016 Chemin Loulou
2124,CA,Cavani,Chemin,Lédada,"017",CA-017 Chemin Lédada
2127,CA,Cavani,Chemin,Soidri,"020",CA-020 Chemin Soidri
1564,CA,Cavani,Rue,Jean Raymond Cudza,"030",CA-030 Rue Jean Raymond Cudza
2123,CA,Cavani,Chemin,Saïd Sayanti,"031",CA-031 Chemin Saïd Sayanti
1708,CA,Cavani,Impasse,Giresse,"032",CA-032 Impasse Giresse
706,CA,Cavani,Impasse,De La Coline,"033",CA-033 Impasse De La Coline
1348,KA,Kawéni,Impasse,Ylang Ylang,"058",KA-058 Impasse Ylang Ylang
2116,CA,Cavani,Chemin,Tiyarosa,"023",CA-023 Chemin Tiyarosa
2119,CA,Cavani,Impasse,Fadhul-Saïd,"024",CA-024 Impasse Fadhul-Saïd
2120,CA,Cavani,Chemin,Abdallah Binti,"025",CA-025 Chemin Abdallah Binti
899,CA,Cavani,Impasse,M'Pa,"027",CA-027 Impasse M'Pa
1381,CA,Cavani,Rue,Soibirina,"028",CA-028 Rue Soibirina
805,CA,Cavani,Impasse,Des Bougainvilliers,"034",CA-034 Impasse Des Bougainvilliers
812,CA,Cavani,Rue,Massimoni,"035",CA-035 Rue Massimoni
854,CA,Cavani,Rue,Rue Papa Yane,"036",CA-036 Rue Rue Papa Yane
848,CA,Cavani,Rue,Salim Abdou,"037",CA-037 Rue Salim Abdou
987,CA,Cavani,Rue,Mimoza,"039",CA-039 Rue Mimoza
1133,CA,Cavani,Impasse,Mariziki,"040",CA-040 Impasse Mariziki
1154,CA,Cavani,Impasse,Chandza Bolé,"041",CA-041 Impasse Chandza Bolé
1363,CA,Cavani,Rue,Darsalama,"042",CA-042 Rue Darsalama
1370,CA,Cavani,Ruelle,Daroussi,"043",CA-043 Ruelle Daroussi
1385,CA,Cavani,Rue,Kamardine,"044",CA-044 Rue Kamardine
1411,CA,Cavani,Rue,Bachamou,"045",CA-045 Rue Bachamou
1421,CA,Cavani,Rue,Du Gymnase,"046",CA-046 Rue Du Gymnase
1553,CA,Cavani,Rue,Mariame Halifa,"047",CA-047 Rue Mariame Halifa
1563,CA,Cavani,Rue,De La Briquetterie,"048",CA-048 Rue De La Briquetterie
1565,CA,Cavani,Rue,Mariame Boinali,"049",CA-049 Rue Mariame Boinali
1572,CA,Cavani,Rue,La Rose,"050",CA-050 Rue La Rose
2121,CA,Cavani,Chemin,Hardali,"051",CA-051 Chemin Hardali
1573,CA,Cavani,Rue,Jardin Fleuri,"053",CA-053 Rue Jardin Fleuri
1574,CA,Cavani,Impasse,Masséra,"054",CA-054 Impasse Masséra
1599,CA,Cavani,Rue,Leclerc,"055",CA-055 Rue Leclerc
1226,CA,Cavani,Chemin,Halima Boundala,"056",CA-056 Chemin Halima Boundala
1600,CA,Cavani,Rue,Said-Djoumoi,"057",CA-057 Rue Said-Djoumoi
1610,CA,Cavani,Rue,Babou Salam,"059",CA-059 Rue Babou Salam
1613,CA,Cavani,Impasse,Kanaleni,"060",CA-060 Impasse Kanaleni
1650,CA,Cavani,Rue,Hibiscus,"062",CA-062 Rue Hibiscus
1139,KA,Kawéni,Rue,Baho Lacinéma,"001",KA-001 Rue Baho Lacinéma
1140,KA,Kawéni,Rue,Mangatélé,"002",KA-002 Rue Mangatélé
38,KA,Kawéni,Rue,Cezanne,"003",KA-003 Rue Cezanne
40,KA,Kawéni,Avenue,Georges Nahouda,"004",KA-004 Avenue Georges Nahouda
598,T2,Tsoundzou 2,Impasse,Paradisier,"036",T2-036 Impasse Paradisier
45,KA,Kawéni,Rue,Flamboyant,"005",KA-005 Rue Flamboyant
1809,KA,Kawéni,Route,Nationale 1,"008",KA-008 Route Nationale 1
1347,KA,Kawéni,Rue,Bel-Hamissi,"010",KA-010 Rue Bel-Hamissi
2061,KA,Kawéni,Rue,Des Orangers,"011",KA-011 Rue Des Orangers
774,KA,Kawéni,Chemin,des plantations,"012",KA-012 Chemin des plantations
1053,KA,Kawéni,Chemin,Metroulé,"013",KA-013 Chemin Metroulé
2171,KA,Kawéni,Chemin,Said Binali,"014",KA-014 Chemin Said Binali
2154,KA,Kawéni,Chemin,Maridhoy,"015",KA-015 Chemin Maridhoy
2155,KA,Kawéni,Chemin,Azihari,"016",KA-016 Chemin Azihari
2156,KA,Kawéni,Chemin,Manziza,"017",KA-017 Chemin Manziza
2157,KA,Kawéni,Chemin,Ma Inzdine,"018",KA-018 Chemin Ma Inzdine
2158,KA,Kawéni,Chemin,Chandzajou,"019",KA-019 Chemin Chandzajou
2159,KA,Kawéni,Chemin,Baco Toumani,"020",KA-020 Chemin Baco Toumani
2160,KA,Kawéni,Chemin,Batrolo,"021",KA-021 Chemin Batrolo
2161,KA,Kawéni,Chemin,Fatihoussoundi,"022",KA-022 Chemin Fatihoussoundi
2162,KA,Kawéni,Chemin,Said Lala,"023",KA-023 Chemin Said Lala
2163,KA,Kawéni,Chemin,El Farouk,"024",KA-024 Chemin El Farouk
1842,KA,Kawéni,Impasse,Bouéni Anfouzati,"029",KA-029 Impasse Bouéni Anfouzati
2164,KA,Kawéni,Chemin,Bamari Andili,"153",KA-153 Chemin Bamari Andili
694,KA,Kawéni,Route,Route de la Zone Nel,"031",KA-031 Route Route de la Zone Nel
807,KA,Kawéni,Rue,De la Cocoterie,"034",KA-034 Rue De la Cocoterie
832,KA,Kawéni,Rue,De la Plage Hamaha,"036",KA-036 Rue De la Plage Hamaha
842,KA,Kawéni,Impasse,De la Liberté,"037",KA-037 Impasse De la Liberté
875,KA,Kawéni,Rue,Manga pomme,"038",KA-038 Rue Manga pomme
896,KA,Kawéni,Rue,M'caféni,"039",KA-039 Rue M'caféni
906,KA,Kawéni,Rue,De Kawenilajoli,"041",KA-041 Rue De Kawenilajoli
918,KA,Kawéni,Rue,Bazama,"043",KA-043 Rue Bazama
923,KA,Kawéni,Rue,De la SPPM,"044",KA-044 Rue De la SPPM
964,KA,Kawéni,Avenue,De L'Europe,"046",KA-046 Avenue De L'Europe
966,KA,Kawéni,Rue,Cheick Said Hassane,"047",KA-047 Rue Cheick Said Hassane
967,KA,Kawéni,Rue,Mdala Mkoni,"048",KA-048 Rue Mdala Mkoni
970,KA,Kawéni,Rue,Mavadzani,"049",KA-049 Rue Mavadzani
978,KA,Kawéni,Rue,De La Fosse,"050",KA-050 Rue De La Fosse
979,KA,Kawéni,Impasse,Limouzin,"051",KA-051 Impasse Limouzin
980,KA,Kawéni,Impasse,Des Lilas,"052",KA-052 Impasse Des Lilas
1121,KA,Kawéni,Rue,Mayinou,"053",KA-053 Rue Mayinou
1128,KA,Kawéni,Rue,Cheick Boundjad Soulaimana,"054",KA-054 Rue Cheick Boundjad Soulaimana
1134,KA,Kawéni,Rue,Du Muguet,"055",KA-055 Rue Du Muguet
1193,KA,Kawéni,Avenue,Martin Luther King,"056",KA-056 Avenue Martin Luther King
1357,KA,Kawéni,Rue,Des Orchidées,"059",KA-059 Rue Des Orchidées
1358,KA,Kawéni,Rue,Toit Végétal,"060",KA-060 Rue Toit Végétal
1368,KA,Kawéni,Rue,De La Rivière,"061",KA-061 Rue De La Rivière
1369,KA,Kawéni,Rue,De la Mangrove,"062",KA-062 Rue De la Mangrove
1372,KA,Kawéni,Rue,Du Paradis,"063",KA-063 Rue Du Paradis
1409,KA,Kawéni,Rue,Des Fleurs,"064",KA-064 Rue Des Fleurs
2147,KA,Kawéni,Chemin,Ma Django,"065",KA-065 Chemin Ma Django
2152,KA,Kawéni,Chemin,Moustoifa,"066",KA-066 Chemin Moustoifa
2153,KA,Kawéni,Chemin,Coco Mguéréza,"068",KA-068 Chemin Coco Mguéréza
1493,KA,Kawéni,Rue,De la Rizière,"069",KA-069 Rue De la Rizière
1500,KA,Kawéni,Impasse,Des Crabes,"070",KA-070 Impasse Des Crabes
1555,KA,Kawéni,Rue,Wastoi,"071",KA-071 Rue Wastoi
1560,KA,Kawéni,Impasse,Du Lagon,"072",KA-072 Impasse Du Lagon
1571,KA,Kawéni,Rue,Baïti Salam,"073",KA-073 Rue Baïti Salam
1586,KA,Kawéni,Rue,Mahabourini,"074",KA-074 Rue Mahabourini
1598,KA,Kawéni,Impasse,Mwezi,"075",KA-075 Impasse Mwezi
1602,KA,Kawéni,Rue,Giramo,"076",KA-076 Rue Giramo
1604,KA,Kawéni,Impasse,Des Pompiers,"077",KA-077 Impasse Des Pompiers
1639,KA,Kawéni,Rue,Cheick Abderemane,"078",KA-078 Rue Cheick Abderemane
1641,KA,Kawéni,Rue,Du Beau Soleil,"079",KA-079 Rue Du Beau Soleil
1652,KA,Kawéni,Rue,D'Amboise,"080",KA-080 Rue D'Amboise
1669,KA,Kawéni,Rue,Cocherel,"081",KA-081 Rue Cocherel
1672,KA,Kawéni,Rue,De la Centrale,"082",KA-082 Rue De la Centrale
1689,KA,Kawéni,Rue,Kakal,"083",KA-083 Rue Kakal
1709,KA,Kawéni,Rue,Des Jasmins,"084",KA-084 Rue Des Jasmins
1753,KA,Kawéni,Impasse,St Nicolas,"085",KA-085 Impasse St Nicolas
1802,KA,Kawéni,Rue,Bambao,"086",KA-086 Rue Bambao
1336,KA,Kawéni,Chemin,de l'enfance,"126",KA-126 Chemin de l'enfance
1803,KA,Kawéni,Rue,De l’école Primaire,"087",KA-087 Rue De l’école Primaire
1810,KA,Kawéni,Rue,DU Claire de Lune,"088",KA-088 Rue DU Claire de Lune
1816,KA,Kawéni,Avenue,Lazerevouni,"089",KA-089 Avenue Lazerevouni
1847,KA,Kawéni,Rue,Massakini,"090",KA-090 Rue Massakini
1857,KA,Kawéni,Impasse,Rifayin,"091",KA-091 Impasse Rifayin
1920,KA,Kawéni,Impasse,Des Entrepôts,"092",KA-092 Impasse Des Entrepôts
1926,KA,Kawéni,Rue,Zamentalé,"093",KA-093 Rue Zamentalé
1928,KA,Kawéni,Rue,Bangoma,"094",KA-094 Rue Bangoma
1929,KA,Kawéni,Rue,Mjihari,"095",KA-095 Rue Mjihari
1930,KA,Kawéni,Rue,Du Progrès,"096",KA-096 Rue Du Progrès
1933,KA,Kawéni,Impasse,Du Poivrier,"097",KA-097 Impasse Du Poivrier
1942,KA,Kawéni,Rue,De la Station,"098",KA-098 Rue De la Station
1946,KA,Kawéni,Rue,Des Taillis,"099",KA-099 Rue Des Taillis
1949,KA,Kawéni,Impasse,Des Terrasses,"101",KA-101 Impasse Des Terrasses
1960,KA,Kawéni,Rue,Cheick Said Ahamad,"102",KA-102 Rue Cheick Said Ahamad
1969,KA,Kawéni,Rue,Des Entrepreneurs,"103",KA-103 Rue Des Entrepreneurs
1987,KA,Kawéni,Rue,Vilvilini,"104",KA-104 Rue Vilvilini
1997,KA,Kawéni,Rue,Mkwérérés,"105",KA-105 Rue Mkwérérés
2008,KA,Kawéni,Rue,De La Paix,"106",KA-106 Rue De La Paix
855,PA,Passamainty,Chemin,Ba Anriche,"043",PA-043 Chemin Ba Anriche
2024,KA,Kawéni,Rue,Oceane,"107",KA-107 Rue Oceane
2099,KA,Kawéni,Rue,Kanamako,"109",KA-109 Rue Kanamako
2107,KA,Kawéni,Rue,Malidé Bacar,"110",KA-110 Rue Malidé Bacar
2108,KA,Kawéni,Impasse,Quata Data,"111",KA-111 Impasse Quata Data
1304,KA,Kawéni,Impasse,des Acacias,"112",KA-112 Impasse des Acacias
1609,KA,Kawéni,Impasse,de la Justice,"113",KA-113 Impasse de la Justice
2168,KA,Kawéni,Chemin,Baco Madamdala,"115",KA-115 Chemin Baco Madamdala
2167,KA,Kawéni,Chemin,des Anges,"118",KA-118 Chemin des Anges
2131,KA,Kawéni,Chemin,Diva,"119",KA-119 Chemin Diva
2132,KA,Kawéni,Chemin,Chindroka,"120",KA-120 Chemin Chindroka
2117,KA,Kawéni,Chemin,Bali Onzera,"121",KA-121 Chemin Bali Onzera
2148,KA,Kawéni,Chemin,Flatère,"122",KA-122 Chemin Flatère
2133,KA,Kawéni,Chemin,Daradjani,"123",KA-123 Chemin Daradjani
760,KA,Kawéni,Chemin,Foundi Malima,"124",KA-124 Chemin Foundi Malima
710,KA,Kawéni,Chemin,de la tentation,"125",KA-125 Chemin de la tentation
2140,KA,Kawéni,Chemin,Ma Eli,"129",KA-129 Chemin Ma Eli
2000,KA,Kawéni,Rue,de l'union,"130",KA-130 Rue de l'union
2025,KA,Kawéni,Rue,Ali Bamcolo,"131",KA-131 Rue Ali Bamcolo
50,KA,Kawéni,Rue,Amir Ridjali,"132",KA-132 Rue Amir Ridjali
52,KA,Kawéni,Chemin,de la concorde,"133",KA-133 Chemin de la concorde
773,KA,Kawéni,Chemin,A nommer n°51,"134",KA-134 Chemin A nommer n°51
2128,KA,Kawéni,Chemin,des fées,"135",KA-135 Chemin des fées
2129,KA,Kawéni,Chemin,Taouhid,"136",KA-136 Chemin Taouhid
2176,KA,Kawéni,Impasse,Confiance,"138",KA-138 Impasse Confiance
2149,KA,Kawéni,Chemin,Shell,"139",KA-139 Chemin Shell
2130,KA,Kawéni,Chemin,Pénalty,"140",KA-140 Chemin Pénalty
2172,KA,Kawéni,Chemin,Poropo,"141",KA-141 Chemin Poropo
2173,KA,Kawéni,Impasse,de l'hippocampe,"142",KA-142 Impasse de l'hippocampe
2174,KA,Kawéni,Chemin,Ma Réhéma,"143",KA-143 Chemin Ma Réhéma
2177,KA,Kawéni,Chemin,Hamcolo,"146",KA-146 Chemin Hamcolo
1371,KA,Kawéni,Rue,De la Renaissance,"147",KA-147 Rue De la Renaissance
2151,KA,Kawéni,Chemin,Malimtiti,"148",KA-148 Chemin Malimtiti
2114,KA,Kawéni,Impasse,M'kiwi,"149",KA-149 Impasse M'kiwi
1470,KA,Kawéni,Escalier,Doua N'dejma,"150",KA-150 Escalier Doua N'dejma
2115,KA,Kawéni,Chemin,Digo,"151",KA-151 Chemin Digo
2146,KA,Kawéni,Chemin,Kalame,"152",KA-152 Chemin Kalame
2165,KA,Kawéni,Chemin,Mantua,"154",KA-154 Chemin Mantua
2166,KA,Kawéni,Chemin,Dallage,"155",KA-155 Chemin Dallage
2169,KA,Kawéni,Chemin,Malide,"156",KA-156 Chemin Malide
2170,KA,Kawéni,Chemin,Baco Mdala,"157",KA-157 Chemin Baco Mdala
2175,KA,Kawéni,Rue,de la Pépinière,"158",KA-158 Rue de la Pépinière
775,KA,Kawéni,Chemin,Boina Tsandzi,"159",KA-159 Chemin Boina Tsandzi
2207,MA,Mamoudzou,Chemin,Toumbou Farsi,"001",MA-001 Chemin Toumbou Farsi
256,MA,Mamoudzou,Avenue,Zoubert Adinani,"002",MA-002 Avenue Zoubert Adinani
225,MA,Mamoudzou,Impasse,Souffou Hedja,"004",MA-004 Impasse Souffou Hedja
228,MA,Mamoudzou,Impasse,Bourhane,"005",MA-005 Impasse Bourhane
332,MA,Mamoudzou,Rue,Daoud Ali Soumaila,"027",MA-027 Rue Daoud Ali Soumaila
333,MA,Mamoudzou,Rue,Féda Zakou,"028",MA-028 Rue Féda Zakou
9,MA,Mamoudzou,Escalier,Ma Nadji,"049",MA-049 Escalier Ma Nadji
262,MA,Mamoudzou,Rue,Sarahangue,"006",MA-006 Rue Sarahangue
231,MA,Mamoudzou,Rue,De La Mairie,"007",MA-007 Rue De La Mairie
232,MA,Mamoudzou,Impasse,Tamarin Les Bas,"008",MA-008 Impasse Tamarin Les Bas
312,MA,Mamoudzou,Impasse,Golden,"020",MA-020 Impasse Golden
275,MA,Mamoudzou,Ruelle,Foundi Radjabou HIMIDI,"009",MA-009 Ruelle Foundi Radjabou HIMIDI
277,MA,Mamoudzou,Impasse,Les 10 Vates,"010",MA-010 Impasse Les 10 Vates
278,MA,Mamoudzou,Impasse,Georges Montchery,"011",MA-011 Impasse Georges Montchery
31,MA,Mamoudzou,Chemin,Sidi Mdéré,"012",MA-012 Chemin Sidi Mdéré
281,MA,Mamoudzou,Avenue,Irène ANGLEME,"013",MA-013 Avenue Irène ANGLEME
282,MA,Mamoudzou,Impasse,Des Agaves,"014",MA-014 Impasse Des Agaves
284,MA,Mamoudzou,Rue,Pasky Daka,"015",MA-015 Rue Pasky Daka
339,MA,Mamoudzou,Impasse,Oasis,"029",MA-029 Impasse Oasis
786,MA,Mamoudzou,Chemin,Foundi Thany,"016",MA-016 Chemin Foundi Thany
307,MA,Mamoudzou,Boulevard,Halidi Mchindra,"017",MA-017 Boulevard Halidi Mchindra
2209,MA,Mamoudzou,Chemin,Zenabou M'chindra,"018",MA-018 Chemin Zenabou M'chindra
310,MA,Mamoudzou,Rue,Hédja Moussa,"019",MA-019 Rue Hédja Moussa
1527,MT,Mtsapéré,Chemin,Sélémani Sourourou,"005",MT-005 Chemin Sélémani Sourourou
315,MA,Mamoudzou,Rue,Omar Combo,"021",MA-021 Rue Omar Combo
316,MA,Mamoudzou,Rue,Amina Ousseni,"022",MA-022 Rue Amina Ousseni
317,MA,Mamoudzou,Avenue,M'chindra Said,"023",MA-023 Avenue M'chindra Said
318,MA,Mamoudzou,Avenue,Chehou Soilihy,"024",MA-024 Avenue Chehou Soilihy
783,MA,Mamoudzou,Chemin,Marcel Jean-Jacques,"025",MA-025 Chemin Marcel Jean-Jacques
329,MA,Mamoudzou,Impasse,De l'Assainissement,"026",MA-026 Impasse De l'Assainissement
348,MA,Mamoudzou,Rue,Madi Bamdou,"030",MA-030 Rue Madi Bamdou
782,MA,Mamoudzou,Chemin,Vola Soa,"031",MA-031 Chemin Vola Soa
781,MA,Mamoudzou,Chemin,Petitmoina,"032",MA-032 Chemin Petitmoina
417,MA,Mamoudzou,Chemin,Moimoikou,"033",MA-033 Chemin Moimoikou
416,MA,Mamoudzou,Chemin,Ma Montagne,"034",MA-034 Chemin Ma Montagne
356,MA,Mamoudzou,Rue,Foundi Moinécha Mognedaho,"035",MA-035 Rue Foundi Moinécha Mognedaho
878,PA,Passamainty,Chemin,Moin Boina,"044",PA-044 Chemin Moin Boina
360,MA,Mamoudzou,Rue,Ali Abdou,"036",MA-036 Rue Ali Abdou
362,MA,Mamoudzou,Rue,Said Soimihi,"037",MA-037 Rue Said Soimihi
2142,MA,Mamoudzou,Chemin,Salama Salimina,"038",MA-038 Chemin Salama Salimina
216,MA,Mamoudzou,Chemin,Abdou Radjabou,"039",MA-039 Chemin Abdou Radjabou
378,MA,Mamoudzou,Impasse,Said Hassani M'Nagnochi,"042",MA-042 Impasse Said Hassani M'Nagnochi
379,MA,Mamoudzou,Avenue,Moinécha Moumini,"043",MA-043 Avenue Moinécha Moumini
405,MA,Mamoudzou,Impasse,Fernand Devillele,"044",MA-044 Impasse Fernand Devillele
406,MA,Mamoudzou,Rue,Baba Barege,"045",MA-045 Rue Baba Barege
11,MA,Mamoudzou,Chemin,Gémini,"046",MA-046 Chemin Gémini
8,MA,Mamoudzou,Escalier,Prat,"050",MA-050 Escalier Prat
32,MA,Mamoudzou,Chemin,Tsiminday,"051",MA-051 Chemin Tsiminday
2201,MA,Mamoudzou,Ruelle,Ancienne CSSM,"052",MA-052 Ruelle Ancienne CSSM
2205,MA,Mamoudzou,Chemin,Saindou Mdahoma,"053",MA-053 Chemin Saindou Mdahoma
1086,MA,Mamoudzou,Chemin,Mbolé,"054",MA-054 Chemin Mbolé
399,MA,Mamoudzou,Boulevard,Halidi Selemani,"055",MA-055 Boulevard Halidi Selemani
1,MA,Mamoudzou,Boulevard,Mawana-Madi,"056",MA-056 Boulevard Mawana-Madi
299,MA,Mamoudzou,Rue,Rassi Boina Kaïm,"057",MA-057 Rue Rassi Boina Kaïm
411,MA,Mamoudzou,Rue,Hamada Loungou,"058",MA-058 Rue Hamada Loungou
285,MA,Mamoudzou,Rue,Toumbou-Selemani,"059",MA-059 Rue Toumbou-Selemani
263,MA,Mamoudzou,Place,Zakia Madi,"060",MA-060 Place Zakia Madi
418,MA,Mamoudzou,Chemin,des Gliricidias,"061",MA-061 Chemin des Gliricidias
414,MA,Mamoudzou,Rue,Foundi Mariame Boina,"062",MA-062 Rue Foundi Mariame Boina
415,MA,Mamoudzou,Avenue,De la Préfecture,"063",MA-063 Avenue De la Préfecture
28,MA,Mamoudzou,Chemin,Colo Oihé,"064",MA-064 Chemin Colo Oihé
777,MA,Mamoudzou,Rue,Mabouéni,"068",MA-068 Rue Mabouéni
787,MA,Mamoudzou,Impasse,Nour l'hayri,"069",MA-069 Impasse Nour l'hayri
780,MA,Mamoudzou,Boulevard,Marcel Henry,"070",MA-070 Boulevard Marcel Henry
778,MA,Mamoudzou,chemin,des Vitrines,"071",MA-071 chemin des Vitrines
220,MA,Mamoudzou,Chemin,Ma Bacar Kala,"072",MA-072 Chemin Ma Bacar Kala
219,MA,Mamoudzou,Chemin,La cour Bé,"073",MA-073 Chemin La cour Bé
217,MA,Mamoudzou,Chemin,Hariri Bint Omar,"075",MA-075 Chemin Hariri Bint Omar
2208,MA,Mamoudzou,Impasse,Auguste,"076",MA-076 Impasse Auguste
2202,MA,Mamoudzou,Rue,de la Barge,"077",MA-077 Rue de la Barge
2198,MT,Mtsapéré,Escalier,Mamane Tantel,"015",MT-015 Escalier Mamane Tantel
817,MA,Mamoudzou,Boulevard,Younoussa Bamana,"078",MA-078 Boulevard Younoussa Bamana
840,MA,Mamoudzou,Impasse,Tamarin Les Hauts,"079",MA-079 Impasse Tamarin Les Hauts
2141,MA,Mamoudzou,Chemin,Des Beaux Enfants,"080",MA-080 Chemin Des Beaux Enfants
1797,MA,Mamoudzou,Rue,Foundi Hamada,"082",MA-082 Rue Foundi Hamada
1793,MA,Mamoudzou,Rue,Said Abdallah,"083",MA-083 Rue Said Abdallah
1783,MA,Mamoudzou,Route,De La Convalescence,"084",MA-084 Route De La Convalescence
1745,MA,Mamoudzou,Impasse,Du Grand Repos,"085",MA-085 Impasse Du Grand Repos
1727,MA,Mamoudzou,Chemin,Mariame Houmadi,"086",MA-086 Chemin Mariame Houmadi
254,MA,Mamoudzou,Avenue,Madame Foucault,"087",MA-087 Avenue Madame Foucault
1488,MA,Mamoudzou,Rue,René QUARANTA,"088",MA-088 Rue René QUARANTA
1367,MA,Mamoudzou,Avenue,Zena Mdéré,"089",MA-089 Avenue Zena Mdéré
1292,MA,Mamoudzou,Rue,Hadidja Said,"090",MA-090 Rue Hadidja Said
1515,MT,Mtsapéré,Rue,Halifa Condro,"001",MT-001 Rue Halifa Condro
1516,MT,Mtsapéré,Escalier,Moinaïdi Mbango,"002",MT-002 Escalier Moinaïdi Mbango
1504,MT,Mtsapéré,Chemin,Alarakia,"003",MT-003 Chemin Alarakia
1519,MT,Mtsapéré,Rue,Boutsi,"004",MT-004 Rue Boutsi
477,MT,Mtsapéré,Chemin,Malolo,"006",MT-006 Chemin Malolo
496,MT,Mtsapéré,Chemin,Ba-Inoussa,"007",MT-007 Chemin Ba-Inoussa
89,MT,Mtsapéré,Escalier,Ma Djaza,"008",MT-008 Escalier Ma Djaza
81,MT,Mtsapéré,Chemin,Souffou Mroumoi Hezi,"009",MT-009 Chemin Souffou Mroumoi Hezi
60,MT,Mtsapéré,Chemin,Mkoni (Boura Souffou),"010",MT-010 Chemin Mkoni (Boura Souffou)
1542,MT,Mtsapéré,Rue,Dahilou,"011",MT-011 Rue Dahilou
1755,MT,Mtsapéré,Ruelle,Ba Haouthouna,"012",MT-012 Ruelle Ba Haouthouna
34,MT,Mtsapéré,Chemin,Ma-Hariri,"016",MT-016 Chemin Ma-Hariri
25,MT,Mtsapéré,Impasse,Mkadara,"018",MT-018 Impasse Mkadara
24,MT,Mtsapéré,Ruelle,Halidi-Baco,"019",MT-019 Ruelle Halidi-Baco
23,MT,Mtsapéré,Rue,Ahamad Djoumoi,"020",MT-020 Rue Ahamad Djoumoi
19,MT,Mtsapéré,Rue,Nazou Vita,"021",MT-021 Rue Nazou Vita
18,MT,Mtsapéré,Rue,Boura Daho,"022",MT-022 Rue Boura Daho
15,MT,Mtsapéré,Impasse,Fatima M'houdine,"023",MT-023 Impasse Fatima M'houdine
1001,MT,Mtsapéré,Escalier,Galabé,"024",MT-024 Escalier Galabé
1591,MT,Mtsapéré,Chemin,Boura Mchangama,"025",MT-025 Chemin Boura Mchangama
1592,MT,Mtsapéré,Rue,Zaza Veri,"026",MT-026 Rue Zaza Veri
1614,MT,Mtsapéré,Chemin,Baco-Bacar,"027",MT-027 Chemin Baco-Bacar
793,MT,Mtsapéré,Impasse,Bamzounguou,"040",MT-040 Impasse Bamzounguou
2134,MT,Mtsapéré,Chemin,M'chihiri,"028",MT-028 Chemin M'chihiri
90,MT,Mtsapéré,Ruelle,Mosquée Trotro,"029",MT-029 Ruelle Mosquée Trotro
12,MT,Mtsapéré,Chemin,Mamcolo,"030",MT-030 Chemin Mamcolo
562,MT,Mtsapéré,Escalier,Moida Moilimou,"031",MT-031 Escalier Moida Moilimou
560,MT,Mtsapéré,Escalier,Baraka Madi Mlimé,"032",MT-032 Escalier Baraka Madi Mlimé
1034,MT,Mtsapéré,Chemin,Abdallah Rouge,"033",MT-033 Chemin Abdallah Rouge
587,MT,Mtsapéré,Rue,Cindzano,"034",MT-034 Rue Cindzano
887,PA,Passamainty,Impasse,Du Gîte,"045",PA-045 Impasse Du Gîte
559,MT,Mtsapéré,Chemin,Abassi Ali,"035",MT-035 Chemin Abassi Ali
1020,MT,Mtsapéré,Rue,Said M'lamali,"036",MT-036 Rue Said M'lamali
1011,MT,Mtsapéré,Chemin,Coco Magno,"037",MT-037 Chemin Coco Magno
1013,MT,Mtsapéré,Escalier,Bacar Anassi,"038",MT-038 Escalier Bacar Anassi
698,MT,Mtsapéré,Chemin,Zalhata Antiki,"039",MT-039 Chemin Zalhata Antiki
454,MT,Mtsapéré,Impasse,Savontsi,"095",MT-095 Impasse Savontsi
1019,MT,Mtsapéré,Chemin,Foundi Houfrane,"041",MT-041 Chemin Foundi Houfrane
2200,MT,Mtsapéré,Chemin,Mamane Papa,"042",MT-042 Chemin Mamane Papa
558,MT,Mtsapéré,Escalier,Sabiti,"043",MT-043 Escalier Sabiti
511,MT,Mtsapéré,Chemin,Betsa,"044",MT-044 Chemin Betsa
507,MT,Mtsapéré,Rue,Ousseni Combo,"045",MT-045 Rue Ousseni Combo
528,MT,Mtsapéré,Rue,Foundi Ousseni,"046",MT-046 Rue Foundi Ousseni
476,MT,Mtsapéré,Rue,Hassana,"059",MT-059 Rue Hassana
990,MT,Mtsapéré,Escalier,Fanama,"060",MT-060 Escalier Fanama
975,MT,Mtsapéré,Rue,Tavanday,"061",MT-061 Rue Tavanday
892,PA,Passamainty,Chemin,Moipoutou,"046",PA-046 Chemin Moipoutou
505,MT,Mtsapéré,Avenue,Abdourraquib Ousseine,"047",MT-047 Avenue Abdourraquib Ousseine
515,MT,Mtsapéré,Impasse,Chebani Bao,"048",MT-048 Impasse Chebani Bao
1688,MT,Mtsapéré,Chemin,Anziza Bourhane,"065",MT-065 Chemin Anziza Bourhane
1017,MT,Mtsapéré,Impasse,Mkounazi,"096",MT-096 Impasse Mkounazi
1759,T1,Tsoundzou 1,Allée,Mdallah Chebani,"032",T1-032 Allée Mdallah Chebani
804,MT,Mtsapéré,Rue,Maoulida Ahmed,"049",MT-049 Rue Maoulida Ahmed
500,MT,Mtsapéré,Chemin,Madi Mtiti (Tchoi),"050",MT-050 Chemin Madi Mtiti (Tchoi)
499,MT,Mtsapéré,Chemin,Ali Babali Saïndou,"051",MT-051 Chemin Ali Babali Saïndou
820,MT,Mtsapéré,Ruelle,Des Décasés,"052",MT-052 Ruelle Des Décasés
841,MT,Mtsapéré,Impasse,Said Maca,"053",MT-053 Impasse Said Maca
485,MT,Mtsapéré,Chemin,Maoudjoudi-Said,"054",MT-054 Chemin Maoudjoudi-Said
480,MT,Mtsapéré,Escalier,Dahilou Aboudou,"055",MT-055 Escalier Dahilou Aboudou
869,MT,Mtsapéré,Rue,Ma Mti,"056",MT-056 Rue Ma Mti
926,MT,Mtsapéré,Chemin,Abdou Mcolo,"057",MT-057 Chemin Abdou Mcolo
479,MT,Mtsapéré,Escalier,Fatima Yassini,"058",MT-058 Escalier Fatima Yassini
475,MT,Mtsapéré,Escalier,Baboula,"062",MT-062 Escalier Baboula
472,MT,Mtsapéré,Rue,Mhindi Hassane,"063",MT-063 Rue Mhindi Hassane
467,MT,Mtsapéré,Chemin,Halima Madi Siaka,"064",MT-064 Chemin Halima Madi Siaka
1805,MT,Mtsapéré,Rue,Madi Mché,"066",MT-066 Rue Madi Mché
1760,MT,Mtsapéré,Escalier,Manga-Dodo,"067",MT-067 Escalier Manga-Dodo
1843,MT,Mtsapéré,Escalier,Moidjoumoi Moinecha,"068",MT-068 Escalier Moidjoumoi Moinecha
1959,MT,Mtsapéré,Escalier,Mari,"069",MT-069 Escalier Mari
4,MT,Mtsapéré,Chemin,Saindou Soufiane,"071",MT-071 Chemin Saindou Soufiane
465,MT,Mtsapéré,Rue,Abdallah Sidi,"072",MT-072 Rue Abdallah Sidi
463,MT,Mtsapéré,Ruelle,Soumaïla Ganja,"073",MT-073 Ruelle Soumaïla Ganja
458,MT,Mtsapéré,Rue,Combo Bouéni,"074",MT-074 Rue Combo Bouéni
456,MT,Mtsapéré,Rue,Said-Daho,"075",MT-075 Rue Said-Daho
455,MT,Mtsapéré,Rue,Abdoul-Kader,"076",MT-076 Rue Abdoul-Kader
3,PA,Passamainty,Impasse,Dzialalbara,"003",PA-003 Impasse Dzialalbara
1977,PA,Passamainty,Chemin,Mosquée Carreaux,"090",PA-090 Chemin Mosquée Carreaux
469,MT,Mtsapéré,Ruelle,Corodjee,"077",MT-077 Ruelle Corodjee
435,MT,Mtsapéré,Rue,Ali Oussene,"078",MT-078 Rue Ali Oussene
433,MT,Mtsapéré,Rue,Mariame Soufou,"079",MT-079 Rue Mariame Soufou
428,MT,Mtsapéré,Rue,Babali,"080",MT-080 Rue Babali
424,MT,Mtsapéré,Impasse,Soilihi-Kafé,"081",MT-081 Impasse Soilihi-Kafé
134,MT,Mtsapéré,Impasse,Mangua dédé,"082",MT-082 Impasse Mangua dédé
128,MT,Mtsapéré,Impasse,Moizaza,"083",MT-083 Impasse Moizaza
1962,MT,Mtsapéré,Rue,Said Kafé,"084",MT-084 Rue Said Kafé
1980,MT,Mtsapéré,Escalier,Bao Fatima,"085",MT-085 Escalier Bao Fatima
2204,MT,Mtsapéré,Chemin,Soubira,"086",MT-086 Chemin Soubira
122,MT,Mtsapéré,Chemin,Mabobo,"087",MT-087 Chemin Mabobo
99,MT,Mtsapéré,Rue,Said M'zé Mogne,"088",MT-088 Rue Said M'zé Mogne
91,MT,Mtsapéré,Escalier,Younoussa-Djihadi,"089",MT-089 Escalier Younoussa-Djihadi
2199,MT,Mtsapéré,Chemin,Ba-Souma,"090",MT-090 Chemin Ba-Souma
1183,MT,Mtsapéré,Chemin,Boura Assani,"091",MT-091 Chemin Boura Assani
1195,MT,Mtsapéré,Impasse,Atua,"092",MT-092 Impasse Atua
1647,PA,Passamainty,Chemin,Ba Séva,"004",PA-004 Chemin Ba Séva
1196,MT,Mtsapéré,Chemin,Chléa Woina,"093",MT-093 Chemin Chléa Woina
2210,MT,Mtsapéré,Impasse,Toibibou Mvouna,"094",MT-094 Impasse Toibibou Mvouna
2,MT,Mtsapéré,Rue,Génération Zalie,"097",MT-097 Rue Génération Zalie
1811,MT,Mtsapéré,Ruelle,Combo Gara,"098",MT-098 Ruelle Combo Gara
1853,MT,Mtsapéré,Chemin,Koutcha,"099",MT-099 Chemin Koutcha
2197,MT,Mtsapéré,Chemin,Mro Kachikazi,"100",MT-100 Chemin Mro Kachikazi
1278,MT,Mtsapéré,Escalier,M'zé Oumari,"101",MT-101 Escalier M'zé Oumari
1285,MT,Mtsapéré,Chemin,Foundi Ma Andilati,"102",MT-102 Chemin Foundi Ma Andilati
1287,MT,Mtsapéré,Escalier,Boura,"103",MT-103 Escalier Boura
1291,MT,Mtsapéré,Avenue,Abdallah Houmadi,"104",MT-104 Avenue Abdallah Houmadi
85,MT,Mtsapéré,Chemin,Ahmed Mansoibe,"105",MT-105 Chemin Ahmed Mansoibe
1380,MT,Mtsapéré,Rue,Boinali Jini,"106",MT-106 Rue Boinali Jini
1419,MT,Mtsapéré,Rue,Du Plateau,"107",MT-107 Rue Du Plateau
1420,MT,Mtsapéré,Escalier,Moussa Harouna,"108",MT-108 Escalier Moussa Harouna
604,PA,Passamainty,Chemin,Ma Moina,"005",PA-005 Chemin Ma Moina
1999,PA,Passamainty,Rue,Martin,"091",PA-091 Rue Martin
1597,PA,Passamainty,Rue,Bacoco Sena,"001",PA-001 Rue Bacoco Sena
851,PA,Passamainty,Ruelle,Ba Sifa,"042",PA-042 Ruelle Ba Sifa
1743,T2,Tsoundzou 2,Impasse,DAR L'IHSAN,"007",T2-007 Impasse DAR L'IHSAN
1403,MT,Mtsapéré,Rue,Cheick Ahmed-Soilihi,"109",MT-109 Rue Cheick Ahmed-Soilihi
1423,MT,Mtsapéré,Rue,Abdallah Hamefi,"110",MT-110 Rue Abdallah Hamefi
1454,MT,Mtsapéré,Chemin,Assani Toibibou,"111",MT-111 Chemin Assani Toibibou
118,MT,Mtsapéré,Chemin,Ma-Msindzano,"112",MT-112 Chemin Ma-Msindzano
426,MT,Mtsapéré,Chemin,Madi Hamissi,"113",MT-113 Chemin Madi Hamissi
473,MT,Mtsapéré,Rue,Maitsoumou Nayréwé,"114",MT-114 Rue Maitsoumou Nayréwé
1456,MT,Mtsapéré,Chemin,Ali Boundala,"115",MT-115 Chemin Ali Boundala
1469,MT,Mtsapéré,Rue,Maévantana,"116",MT-116 Rue Maévantana
1471,MT,Mtsapéré,Chemin,Boura Bosco,"117",MT-117 Chemin Boura Bosco
474,MT,Mtsapéré,Chemin,Rassoul,"118",MT-118 Chemin Rassoul
1482,MT,Mtsapéré,Escalier,Msa Drévou,"119",MT-119 Escalier Msa Drévou
845,PA,Passamainty,Chemin,Maï Vola,"041",PA-041 Chemin Maï Vola
606,PA,Passamainty,Impasse,Des Mzambara,"006",PA-006 Impasse Des Mzambara
607,PA,Passamainty,Rue,Kavani Bé,"007",PA-007 Rue Kavani Bé
610,PA,Passamainty,Impasse,Manga Godzo,"008",PA-008 Impasse Manga Godzo
612,PA,Passamainty,Chemin,Dady Fetsy,"009",PA-009 Chemin Dady Fetsy
614,PA,Passamainty,Ruelle,Mariame Mvandro,"010",PA-010 Ruelle Mariame Mvandro
615,PA,Passamainty,Ruelle,Moussa Abdallah,"011",PA-011 Ruelle Moussa Abdallah
616,PA,Passamainty,Rue,Ali Combo,"012",PA-012 Rue Ali Combo
618,PA,Passamainty,Impasse,Coco Chidou,"013",PA-013 Impasse Coco Chidou
623,PA,Passamainty,Impasse,De l'Usine Sucrière,"014",PA-014 Impasse De l'Usine Sucrière
625,PA,Passamainty,Chemin,Caroua Manthalane,"015",PA-015 Chemin Caroua Manthalane
628,PA,Passamainty,Impasse,Mroni Manga,"016",PA-016 Impasse Mroni Manga
630,PA,Passamainty,Impasse,Vanilla,"017",PA-017 Impasse Vanilla
631,PA,Passamainty,Chemin,Des Cungunass,"018",PA-018 Chemin Des Cungunass
642,PA,Passamainty,Rue,De Passamainty Stade,"019",PA-019 Rue De Passamainty Stade
1270,PA,Passamainty,Impasse,Aloe,"020",PA-020 Impasse Aloe
646,PA,Passamainty,Chemin,Ma Issoufi Ada,"021",PA-021 Chemin Ma Issoufi Ada
647,PA,Passamainty,Allée,De la Belle Allée,"022",PA-022 Allée De la Belle Allée
844,PA,Passamainty,Rue,Marindrini,"040",PA-040 Rue Marindrini
650,PA,Passamainty,Rue,Tanamalaza,"023",PA-023 Rue Tanamalaza
651,PA,Passamainty,Rue,Ali Djandjaro,"024",PA-024 Rue Ali Djandjaro
653,PA,Passamainty,Rue,Mahadidja Wali,"025",PA-025 Rue Mahadidja Wali
654,PA,Passamainty,Rue,Ma Al Boura,"026",PA-026 Rue Ma Al Boura
657,PA,Passamainty,Rue,Manga Chahidou,"027",PA-027 Rue Manga Chahidou
720,PA,Passamainty,Impasse,Ma Zaina,"028",PA-028 Impasse Ma Zaina
726,PA,Passamainty,Impasse,Ali Santio,"029",PA-029 Impasse Ali Santio
735,PA,Passamainty,Chemin,Foundi Maoulida,"030",PA-030 Chemin Foundi Maoulida
779,PA,Passamainty,Escalier,Roho Bolé,"031",PA-031 Escalier Roho Bolé
800,PA,Passamainty,Impasse,Salamatsara,"032",PA-032 Impasse Salamatsara
808,PA,Passamainty,Rue,Collège Ouvoimoja,"033",PA-033 Rue Collège Ouvoimoja
816,PA,Passamainty,Chemin,Bacar Marta,"034",PA-034 Chemin Bacar Marta
821,PA,Passamainty,Ruelle,Bointrea,"035",PA-035 Ruelle Bointrea
823,PA,Passamainty,Impasse,Soudjay,"036",PA-036 Impasse Soudjay
828,PA,Passamainty,Impasse,Colo Boy,"037",PA-037 Impasse Colo Boy
1186,PA,Passamainty,Rue,Echa Ada,"063",PA-063 Rue Echa Ada
1191,PA,Passamainty,Rue,Des 10 villas,"064",PA-064 Rue Des 10 villas
833,PA,Passamainty,Rue,Bassin Gouloué,"038",PA-038 Rue Bassin Gouloué
852,PA,Passamainty,Rue,De la Mosquée Baïtilmal,"039",PA-039 Rue De la Mosquée Baïtilmal
893,PA,Passamainty,Chemin,Adam,"047",PA-047 Chemin Adam
927,PA,Passamainty,Rue,Bangali,"048",PA-048 Rue Bangali
940,PA,Passamainty,Chemin,Mdava,"049",PA-049 Chemin Mdava
945,PA,Passamainty,Avenue,Arantabé,"050",PA-050 Avenue Arantabé
957,PA,Passamainty,Rue,Fargeon,"051",PA-051 Rue Fargeon
958,PA,Passamainty,Chemin,De la Colline,"052",PA-052 Chemin De la Colline
1039,PA,Passamainty,Impasse,Ndzaka,"054",PA-054 Impasse Ndzaka
637,PA,Passamainty,Impasse,Mhogoni,"055",PA-055 Impasse Mhogoni
1092,PA,Passamainty,Impasse,Manga Adamou,"056",PA-056 Impasse Manga Adamou
1126,PA,Passamainty,Rue,Miguel,"057",PA-057 Rue Miguel
1151,PA,Passamainty,Allée,Des-verts,"058",PA-058 Allée Des-verts
1156,PA,Passamainty,Chemin,Maï Djabou,"059",PA-059 Chemin Maï Djabou
1167,PA,Passamainty,Rue,Afawa,"060",PA-060 Rue Afawa
1168,PA,Passamainty,Ruelle,Abdou Attoumani,"061",PA-061 Ruelle Abdou Attoumani
1175,PA,Passamainty,Rue,Mnadzi Moja,"062",PA-062 Rue Mnadzi Moja
648,PA,Passamainty,Rue,Foundi Bweni Kali,"065",PA-065 Rue Foundi Bweni Kali
1268,PA,Passamainty,Chemin,Boinali Gine,"066",PA-066 Chemin Boinali Gine
1517,T2,Tsoundzou 2,Impasse,Djabou,"037",T2-037 Impasse Djabou
1280,PA,Passamainty,Impasse,Manga Poundra,"067",PA-067 Impasse Manga Poundra
1318,PA,Passamainty,Chemin,Coco Ma Ali,"068",PA-068 Chemin Coco Ma Ali
1365,PA,Passamainty,Chemin,Abdou Mpahé,"069",PA-069 Chemin Abdou Mpahé
1404,PA,Passamainty,Chemin,Ma Néma,"070",PA-070 Chemin Ma Néma
1426,PA,Passamainty,Impasse,Tsongoma,"071",PA-071 Impasse Tsongoma
1437,PA,Passamainty,Rue,Msakouani,"072",PA-072 Rue Msakouani
1534,PA,Passamainty,Impasse,Rassini,"074",PA-074 Impasse Rassini
1561,PA,Passamainty,Rue,Boina Carossec,"075",PA-075 Rue Boina Carossec
1680,PA,Passamainty,Chemin,Ma Mariame Bakouli,"076",PA-076 Chemin Ma Mariame Bakouli
1718,PA,Passamainty,Chemin,Coco Ma Sudiki,"077",PA-077 Chemin Coco Ma Sudiki
1758,PA,Passamainty,Chemin,Boina Mondoha,"078",PA-078 Chemin Boina Mondoha
1757,PA,Passamainty,Chemin,Mwamwalé,"079",PA-079 Chemin Mwamwalé
1767,PA,Passamainty,Impasse,Mroni,"080",PA-080 Impasse Mroni
1787,PA,Passamainty,Rue,Bahati Djéma,"081",PA-081 Rue Bahati Djéma
1835,PA,Passamainty,Chemin,Rama M'Sa,"082",PA-082 Chemin Rama M'Sa
1836,PA,Passamainty,Impasse,Madzidou,"083",PA-083 Impasse Madzidou
1766,PA,Passamainty,Chemin,Dr Soumaila,"084",PA-084 Chemin Dr Soumaila
1957,PA,Passamainty,Ruelle,Mpweka,"085",PA-085 Ruelle Mpweka
1993,PA,Passamainty,Impasse,Diamini,"086",PA-086 Impasse Diamini
1965,PA,Passamainty,Chemin,Boina Ricoli,"087",PA-087 Chemin Boina Ricoli
1971,PA,Passamainty,Rue,Tanafou,"088",PA-088 Rue Tanafou
1976,PA,Passamainty,Chemin,Tchora,"089",PA-089 Chemin Tchora
649,PA,Passamainty,Rue,Madi Soilihi,"092",PA-092 Rue Madi Soilihi
2004,PA,Passamainty,Rue,Cafetier,"093",PA-093 Rue Cafetier
652,PA,Passamainty,Chemin,Bacar Daou,"094",PA-094 Chemin Bacar Daou
2028,PA,Passamainty,Chemin,Boina Chiga,"095",PA-095 Chemin Boina Chiga
1768,PA,Passamainty,Chemin,Coco Maï-Velou,"096",PA-096 Chemin Coco Maï-Velou
2051,PA,Passamainty,Chemin,Vercuiz,"097",PA-097 Chemin Vercuiz
2090,PA,Passamainty,Chemin,Mazalbia,"098",PA-098 Chemin Mazalbia
2203,PA,Passamainty,Impasse,Moussa M'colo,"099",PA-099 Impasse Moussa M'colo
754,PA,Passamainty,Impasse,Roméo,"100",PA-100 Impasse Roméo
1813,PA,Passamainty,Chemin,Boungou Ména,"101",PA-101 Chemin Boungou Ména
2058,PA,Passamainty,Impasse,Hanandji,"102",PA-102 Impasse Hanandji
2065,PA,Passamainty,Chemin,Boinali Compaine,"103",PA-103 Chemin Boinali Compaine
2069,PA,Passamainty,Chemin,Rahayé,"104",PA-104 Chemin Rahayé
2045,PA,Passamainty,Impasse,Laza,"105",PA-105 Impasse Laza
1417,T1,Tsoundzou 1,Impasse,Mavola,"001",T1-001 Impasse Mavola
1436,PA,Passamainty,Rue,MOINANTCH,"106",PA-106 Rue MOINANTCH
1633,PA,Passamainty,Rue,Mroni Bambou,"107",PA-107 Rue Mroni Bambou
608,PA,Passamainty,Avenue,Ousseni Attoumani,"108",PA-108 Avenue Ousseni Attoumani
613,PA,Passamainty,Allée,Hassani Ali,"109",PA-109 Allée Hassani Ali
632,PA,Passamainty,Chemin,Ma Al Gardié,"111",PA-111 Chemin Ma Al Gardié
656,PA,Passamainty,Rue,De l'école Mhogoni,"112",PA-112 Rue De l'école Mhogoni
904,PA,Passamainty,Chemin,De la Terre,"113",PA-113 Chemin De la Terre
799,PA,Passamainty,Chemin,Moustik,"114",PA-114 Chemin Moustik
836,PA,Passamainty,Rue,Maï Ben Ali,"115",PA-115 Rue Maï Ben Ali
1594,PA,Passamainty,Rue,Bagourou,"116",PA-116 Rue Bagourou
884,PA,Passamainty,Impasse,Mroni Maïdani,"117",PA-117 Impasse Mroni Maïdani
885,PA,Passamainty,Chemin,Adango,"118",PA-118 Chemin Adango
1388,PA,Passamainty,Chemin,Ba Rlo,"119",PA-119 Chemin Ba Rlo
1474,PA,Passamainty,Impasse,Des Bambous,"120",PA-120 Impasse Des Bambous
666,T1,Tsoundzou 1,Chemin,Moizena M'colo,"002",T1-002 Chemin Moizena M'colo
659,T1,Tsoundzou 1,Impasse,Flera Baco,"003",T1-003 Impasse Flera Baco
1182,T1,Tsoundzou 1,Chemin,Madi Loulou,"004",T1-004 Chemin Madi Loulou
1399,T1,Tsoundzou 1,Chemin,Baco Djihadi,"005",T1-005 Chemin Baco Djihadi
1407,T1,Tsoundzou 1,Impasse,Safi Dira,"006",T1-006 Impasse Safi Dira
1179,T1,Tsoundzou 1,Chemin,Baba Fatsi,"007",T1-007 Chemin Baba Fatsi
795,T1,Tsoundzou 1,Rue,Abdou M'houdhoiri,"008",T1-008 Rue Abdou M'houdhoiri
1271,T1,Tsoundzou 1,Chemin,Patiro,"009",T1-009 Chemin Patiro
1558,T1,Tsoundzou 1,Chemin,Abouhati,"010",T1-010 Chemin Abouhati
1232,T1,Tsoundzou 1,Chemin,Bacar Said-Ali,"011",T1-011 Chemin Bacar Said-Ali
2110,T1,Tsoundzou 1,Rue,Tsara Vola,"012",T1-012 Rue Tsara Vola
802,T1,Tsoundzou 1,Chemin,Bamré,"013",T1-013 Chemin Bamré
669,T1,Tsoundzou 1,Chemin,M'colo Hani,"014",T1-014 Chemin M'colo Hani
931,T1,Tsoundzou 1,Chemin,Metra-Ali,"015",T1-015 Chemin Metra-Ali
658,T1,Tsoundzou 1,Rue,Roger Rossolin,"016",T1-016 Rue Roger Rossolin
894,T1,Tsoundzou 1,Impasse,Abdou Ali,"017",T1-017 Impasse Abdou Ali
895,T1,Tsoundzou 1,Chemin,Nivéa,"018",T1-018 Chemin Nivéa
764,T1,Tsoundzou 1,Chemin,Zabibou,"021",T1-021 Chemin Zabibou
2102,T1,Tsoundzou 1,Chemin,Laïdine THARI,"022",T1-022 Chemin Laïdine THARI
2070,T1,Tsoundzou 1,Rue,Moussa M'Djéni,"023",T1-023 Rue Moussa M'Djéni
837,T1,Tsoundzou 1,Chemin,Maboula,"024",T1-024 Chemin Maboula
2063,T1,Tsoundzou 1,Rue,Coco Bachi,"025",T1-025 Rue Coco Bachi
2062,T1,Tsoundzou 1,Rue,Bina,"026",T1-026 Rue Bina
1966,T1,Tsoundzou 1,Rue,Abdallah Soula,"027",T1-027 Rue Abdallah Soula
1944,T1,Tsoundzou 1,Chemin,Radjabou M'pwecha,"028",T1-028 Chemin Radjabou M'pwecha
1838,T1,Tsoundzou 1,Chemin,Assane-Ali,"029",T1-029 Chemin Assane-Ali
1788,T1,Tsoundzou 1,Rue,Baco Djaha,"030",T1-030 Rue Baco Djaha
1771,T1,Tsoundzou 1,Chemin,Baba Atou,"031",T1-031 Chemin Baba Atou
1737,T1,Tsoundzou 1,Chemin,Trembwé,"033",T1-033 Chemin Trembwé
1539,T1,Tsoundzou 1,Route,Des Goyaviers,"034",T1-034 Route Des Goyaviers
1427,T1,Tsoundzou 1,Rue,Ousseni Baco,"035",T1-035 Rue Ousseni Baco
2034,T2,Tsoundzou 2,Rue,Des Palmiers,"011",T2-011 Rue Des Palmiers
1200,TS,Tsoundzou 1 & 2,Route,Nationale 2,"001",TS-001 Route Nationale 2
1640,T2,Tsoundzou 2,Chemin,Chala,"001",T2-001 Chemin Chala
874,T2,Tsoundzou 2,Escalier,Ma Djo,"002",T2-002 Escalier Ma Djo
599,T2,Tsoundzou 2,Impasse,Pomme-cannelle,"003",T2-003 Impasse Pomme-cannelle
856,T2,Tsoundzou 2,Rue,Markaze,"004",T2-004 Rue Markaze
959,T2,Tsoundzou 2,Allée,Hubert Thirion,"005",T2-005 Allée Hubert Thirion
1026,T2,Tsoundzou 2,Rue,Bamcolo,"006",T2-006 Rue Bamcolo
838,T2,Tsoundzou 2,Rue,Des Floralies,"008",T2-008 Rue Des Floralies
1106,T2,Tsoundzou 2,Impasse,Mariata,"009",T2-009 Impasse Mariata
1812,T2,Tsoundzou 2,Rue,De La Palmeraie,"010",T2-010 Rue De La Palmeraie
2091,T2,Tsoundzou 2,Chemin,Adé,"012",T2-012 Chemin Adé
1394,T2,Tsoundzou 2,Chemin,Bamcolo-Attoumani,"052",T2-052 Chemin Bamcolo-Attoumani
756,T2,Tsoundzou 2,Rue,Marvatou,"013",T2-013 Rue Marvatou
2178,T2,Tsoundzou 2,Impasse,Djibo,"014",T2-014 Impasse Djibo
815,T2,Tsoundzou 2,Impasse,Maria,"015",T2-015 Impasse Maria
827,T2,Tsoundzou 2,Rue,Stara,"016",T2-016 Rue Stara
806,T2,Tsoundzou 2,Chemin,Rivière,"017",T2-017 Chemin Rivière
6,T2,Tsoundzou 2,Rue,Mubarak,"018",T2-018 Rue Mubarak
5,T2,Tsoundzou 2,Rue,Des Aloe vera,"019",T2-019 Rue Des Aloe vera
1147,T2,Tsoundzou 2,Rue,des Citroniers,"020",T2-020 Rue des Citroniers
588,T2,Tsoundzou 2,Allée,Des Cocotiers,"022",T2-022 Allée Des Cocotiers
1227,T2,Tsoundzou 2,Rue,Mayana,"023",T2-023 Rue Mayana
1761,T2,Tsoundzou 2,Chemin,le Manguier,"024",T2-024 Chemin le Manguier
1817,T2,Tsoundzou 2,Impasse,De la rose porcelaine,"025",T2-025 Impasse De la rose porcelaine
1352,T2,Tsoundzou 2,Impasse,Moussi,"026",T2-026 Impasse Moussi
589,T2,Tsoundzou 2,Impasse,Haïdar,"028",T2-028 Impasse Haïdar
591,T2,Tsoundzou 2,Impasse,Copra,"029",T2-029 Impasse Copra
592,T2,Tsoundzou 2,Impasse,Konokono,"030",T2-030 Impasse Konokono
593,T2,Tsoundzou 2,Impasse,Anfous,"031",T2-031 Impasse Anfous
594,T2,Tsoundzou 2,Impasse,Tiaré,"032",T2-032 Impasse Tiaré
595,T2,Tsoundzou 2,Impasse,Sandzé,"033",T2-033 Impasse Sandzé
596,T2,Tsoundzou 2,Rue,Macavéli,"034",T2-034 Rue Macavéli
597,T2,Tsoundzou 2,Impasse,Macaratasie,"035",T2-035 Impasse Macaratasie
1687,T2,Tsoundzou 2,Impasse,Nangua,"038",T2-038 Impasse Nangua
2033,T2,Tsoundzou 2,Rue,Dar Nour,"039",T2-039 Rue Dar Nour
2094,T2,Tsoundzou 2,Chemin,Coco Salalya,"040",T2-040 Chemin Coco Salalya
2100,T2,Tsoundzou 2,Rue,Ba Djamali,"041",T2-041 Rue Ba Djamali
867,T2,Tsoundzou 2,Rue,Kadjanréré,"042",T2-042 Rue Kadjanréré
873,T2,Tsoundzou 2,Chemin,Moinécha Zakaria,"043",T2-043 Chemin Moinécha Zakaria
1037,T2,Tsoundzou 2,Chemin,Des Ecoliers,"044",T2-044 Chemin Des Ecoliers
1152,T2,Tsoundzou 2,Rue,Zanzibar,"045",T2-045 Rue Zanzibar
1219,T2,Tsoundzou 2,Rue,Des Manguiers,"046",T2-046 Rue Des Manguiers
1360,T2,Tsoundzou 2,Impasse,Des Lys,"047",T2-047 Impasse Des Lys
1815,T2,Tsoundzou 2,Impasse,BAMCOLO-Hamada,"049",T2-049 Impasse BAMCOLO-Hamada
933,T2,Tsoundzou 2,Rue,des Petits Flamboyant,"050",T2-050 Rue des Petits Flamboyant
909,T2,Tsoundzou 2,Escalier,Mamaraï,"051",T2-051 Escalier Mamaraï
1391,T2,Tsoundzou 2,Rue,Des Makis,"053",T2-053 Rue Des Makis
1415,T2,Tsoundzou 2,Impasse,Longchamps,"054",T2-054 Impasse Longchamps
1541,T2,Tsoundzou 2,Escalier,Charif-Said,"055",T2-055 Escalier Charif-Said
1839,T2,Tsoundzou 2,Chemin,Kavani,"056",T2-056 Chemin Kavani
1551,T2,Tsoundzou 2,Rue,Villa-Zanzibar,"057",T2-057 Rue Villa-Zanzibar
1566,T2,Tsoundzou 2,Rue,Des Lauriers roses,"058",T2-058 Rue Des Lauriers roses
1568,T2,Tsoundzou 2,Impasse,Des Frangipaniers,"059",T2-059 Impasse Des Frangipaniers
1918,VA,Vahibé,Rue,Mogné Hazi,"001",VA-001 Rue Mogné Hazi
1808,VA,Vahibé,Escalier,M'ché Rousselet,"002",VA-002 Escalier M'ché Rousselet
1789,VA,Vahibé,Escalier,Baco Ahmed Ali,"004",VA-004 Escalier Baco Ahmed Ali
1762,VA,Vahibé,Rue,Des Amoureux,"005",VA-005 Rue Des Amoureux
1731,VA,Vahibé,Escalier,Mayécha,"006",VA-006 Escalier Mayécha
1663,VA,Vahibé,Escalier,Petite Terre,"008",VA-008 Escalier Petite Terre
1569,VA,Vahibé,Rue,Chibaco,"009",VA-009 Rue Chibaco
1556,VA,Vahibé,Rue,Sarman,"010",VA-010 Rue Sarman
1535,VA,Vahibé,Rue,Haronophe,"011",VA-011 Rue Haronophe
1533,VA,Vahibé,Escalier,Papahé,"012",VA-012 Escalier Papahé
1513,VA,Vahibé,Escalier,M'dallah Magoro,"013",VA-013 Escalier M'dallah Magoro
1429,VA,Vahibé,Rue,Wemani,"014",VA-014 Rue Wemani
1428,VA,Vahibé,Escalier,Imam Bounou,"015",VA-015 Escalier Imam Bounou
1422,VA,Vahibé,Rue,Du Stade Chauféli,"016",VA-016 Rue Du Stade Chauféli
690,VA,Vahibé,Chemin,Foundi Absoir M'ssa,"017",VA-017 Chemin Foundi Absoir M'ssa
691,VA,Vahibé,Chemin,Matavi,"018",VA-018 Chemin Matavi
750,VA,Vahibé,Rue,Manga Cheindra,"019",VA-019 Rue Manga Cheindra
1343,VA,Vahibé,Rue,Du Bassin,"020",VA-020 Rue Du Bassin
753,VA,Vahibé,Chemin,Vahibé est,"021",VA-021 Chemin Vahibé est
770,VA,Vahibé,Rue,Kadhi Attoumane Said,"022",VA-022 Rue Kadhi Attoumane Said
911,VA,Vahibé,Escalier,Rampard du Zouma Vert,"029",VA-029 Escalier Rampard du Zouma Vert
679,VA,Vahibé,Escalier,Colbert,"030",VA-030 Escalier Colbert
684,VA,Vahibé,Rue,Salamani,"031",VA-031 Rue Salamani
688,VA,Vahibé,Rue,Boinaïdi Oili,"032",VA-032 Rue Boinaïdi Oili
2195,VA,Vahibé,Chemin,Flera Mawa,"033",VA-033 Chemin Flera Mawa
2194,VA,Vahibé,Chemin,Place Manzaraka Vahibé,"034",VA-034 Chemin Place Manzaraka Vahibé
2112,VA,Vahibé,Chemin,Latin,"035",VA-035 Chemin Latin
2109,VA,Vahibé,Chemin,Karibou,"036",VA-036 Chemin Karibou
676,VA,Vahibé,Route,Valéa Hoaro,"039",VA-039 Route Valéa Hoaro
767,VA,Vahibé,Chemin,Ba Saindou Mdala,"040",VA-040 Chemin Ba Saindou Mdala
752,VA,Vahibé,Impasse,Mlitchijou,"041",VA-041 Impasse Mlitchijou
766,VA,Vahibé,Chemin,Ma Sayi,"042",VA-042 Chemin Ma Sayi
765,VA,Vahibé,Chemin,Ma Nanassini,"043",VA-043 Chemin Ma Nanassini
2196,VA,Vahibé,Chemin,Madiana,"044",VA-044 Chemin Madiana
2113,VA,Vahibé,Chemin,Mandarine,"045",VA-045 Chemin Mandarine
2092,VA,Vahibé,Chemin,Mro Mounga,"046",VA-046 Chemin Mro Mounga
2098,VA,Vahibé,Allée,Ali Saïdou,"047",VA-047 Allée Ali Saïdou
2106,VA,Vahibé,Route,Départementale 3,"037",VA-037 Route Départementale 3
2111,VA,Vahibé,Route,du Mont Combani,"038",VA-038 Route du Mont Combani
2097,VA,Vahibé,Rue,Talet,"048",VA-048 Rue Talet
2095,VA,Vahibé,Escalier,M'kiri wa magarando,"049",VA-049 Escalier M'kiri wa magarando
2071,VA,Vahibé,Rue,Mdéré,"050",VA-050 Rue Mdéré
2019,VA,Vahibé,Escalier,Maha-Vita,"051",VA-051 Escalier Maha-Vita
1996,VA,Vahibé,Escalier,Mavouna,"052",VA-052 Escalier Mavouna
1865,VA,Vahibé,Escalier,Contabou,"053",VA-053 Escalier Contabou
